{"episode_reward": 0.0, "step": 185108, "_timestamp": 1704958180.4519362, "_runtime": 190.82771825790405, "_step": 615, "loss": 4.682419300079346, "q_total_mean": 47.60203047004992, "target_total_mean": 46.79619904326123}