{"episode_reward": 87.4, "step": 2000128, "_timestamp": 1704935760.4621434, "_runtime": 25336.076100349426, "_step": 6655, "loss": 2.9142651557922363, "_wandb": {"runtime": 25335}}