{"episode_reward": 0.0, "step": 112387, "_timestamp": 1704915600.1964018, "_runtime": 3357.881665945053, "_step": 372, "loss": 7.677568435668945}