{"episode_reward": 0.0, "step": 961600, "_timestamp": 1704959397.9791384, "_runtime": 928.7900564670563, "_step": 3199, "loss": 0.5508813858032227, "q_total_mean": 27.526092580074874, "target_total_mean": 27.848722181780367}