{"episode_reward": 1.2, "step": 2000128, "_timestamp": 1704905045.7041507, "_runtime": 11825.207647562027, "_step": 6655, "loss": 2.1968257427215576, "_wandb": {"runtime": 11824}}