{"episode_reward": 0.0, "step": 169482, "_timestamp": 1704958462.3656247, "_runtime": 158.2884166240692, "_step": 562, "loss": 1.6325898170471191, "q_total_mean": 13.91734154014143, "target_total_mean": 13.645515936980033}