{"episode_reward": 0.6, "step": 2000128, "_timestamp": 1704904875.6727052, "_runtime": 11885.581342220306, "_step": 6655, "loss": 1.854195237159729, "_wandb": {"runtime": 11890}}