{"episode_reward": 0.0, "step": 2000128, "_timestamp": 1704935616.2941117, "_runtime": 20000.54999065399, "_step": 6655, "loss": 0.777671754360199, "_wandb": {"runtime": 19999}}