{"episode_reward": 3.0000000000000004, "step": 2000128, "_timestamp": 1704965337.310118, "_runtime": 3707.888675928116, "_step": 6655, "loss": 0.026048891246318817, "q_total_mean": 7.1538029066139766, "target_total_mean": 7.174484582986689, "_wandb": {"runtime": 3707}}