{"episode_reward": 0.0, "step": 2000128, "_timestamp": 1704906252.3602986, "_runtime": 11140.924970626831, "_step": 6655, "loss": 3.8117127418518066, "_wandb": {"runtime": 11140}}