{"episode_reward": 0.0, "step": 683938, "_timestamp": 1704960029.5999184, "_runtime": 614.0399262905121, "_step": 2275, "loss": 0.5532962083816528, "q_total_mean": 21.867538477537437, "target_total_mean": 21.42113242252496}