{"episode_reward": 132.99999999999997, "step": 13823, "_timestamp": 1704912213.2504902, "_runtime": 438.2129852771759, "_step": 44, "loss": 34.266944885253906}