{"episode_reward": 0.0, "step": 2000128, "_timestamp": 1704934727.8724725, "_runtime": 24232.604209423065, "_step": 6655, "loss": 1.8699599504470825, "_wandb": {"runtime": 24239}}